accuracy,precision,recall,f1,fpr,evaluation_time,memory_change,tn,fp,fn,tp
0.9847111111111111,0.9882590132827325,0.9339834117910782,0.9603549613921862,0.002744054548478297,0.7230336666107178,0.67578125,35979,99,589,8333
