accuracy,precision,recall,f1,fpr,evaluation_time,memory_change,tn,fp,fn,tp
0.9876041666666666,0.9866391483814904,0.9506017791732078,0.9682852726400513,0.0031993757315645728,0.7169947624206543,1.625,38322,123,472,9083
