accuracy,precision,recall,f1,fpr,evaluation_time,memory_change,tn,fp,fn,tp
0.9888125,0.9888010540184453,0.9539243724181761,0.9710496522723597,0.002645296817863534,0.848480224609375,3.2890625,38457,102,435,9006
