accuracy,precision,recall,f1,fpr,evaluation_time,memory_change,tn,fp,fn,tp
0.9878444444444444,0.9935057267682135,0.9447563440377273,0.9685179856115108,0.001523798969357788,0.7113223075866699,3.17578125,36039,55,492,8414
